City_ID,City,Country,Date,Lat,Lng,Max Temp,Humidity,Cloudiness,Wind Speed
0,Djambala,CG,2022-08-29 22:30:06,-2.5447,14.7533,75.27,63,97,2.68
1,Les Cayes,HT,2022-08-29 22:30:06,18.2,-73.75,81.37,76,99,5.61
2,Punta Arenas,CL,2022-08-29 22:30:06,-53.15,-70.9167,46.51,71,75,6.91
3,Kapaa,US,2022-08-29 22:30:07,22.0752,-159.319,84.09,70,20,12.66
4,Port Elizabeth,ZA,2022-08-29 22:30:07,-33.918,25.5701,53.89,73,0,16.11
5,Rikitea,PF,2022-08-29 22:30:07,-23.1203,-134.9692,73.09,83,4,14.81
6,Poshekhonye,RU,2022-08-29 22:30:07,58.4993,39.1353,60.73,89,52,4.79
7,Yellowknife,CA,2022-08-29 22:25:55,62.456,-114.3525,61.32,51,75,6.91
8,Barrow,US,2022-08-29 22:28:30,71.2906,-156.7887,41.02,93,100,9.22
9,Ahipara,NZ,2022-08-29 22:30:08,-35.1667,173.1667,58.48,62,2,8.79
10,Namibe,AO,2022-08-29 22:30:08,-15.1961,12.1522,64.17,90,45,2.04
11,Pisco,PE,2022-08-29 22:30:09,-13.7,-76.2167,62.65,72,0,10.36
12,Sao Filipe,CV,2022-08-29 22:30:09,14.8961,-24.4956,78.24,79,100,9.93
13,Pauini,BR,2022-08-29 22:30:09,-7.7136,-66.9764,80.02,55,72,2.37
14,Busselton,AU,2022-08-29 22:30:10,-33.65,115.3333,46.96,84,19,6.38
15,Sabha,LY,2022-08-29 22:30:10,27.0377,14.4283,85.37,29,0,10.27
16,Fairbanks,US,2022-08-29 22:27:46,64.8378,-147.7164,63.25,67,0,3.44
17,Arraial Do Cabo,BR,2022-08-29 22:30:10,-22.9661,-42.0278,62.56,82,100,11.5
18,Trenggalek,ID,2022-08-29 22:30:11,-8.05,111.7167,73.24,95,96,4.43
19,Belawan,ID,2022-08-29 22:30:11,3.7755,98.6832,75.49,90,100,4.25
20,Bilma,NE,2022-08-29 22:30:11,18.6853,12.9164,93.13,24,58,2.53
21,Mar Del Plata,AR,2022-08-29 22:26:00,-38.0023,-57.5575,53.62,47,0,8.05
22,Kenai,US,2022-08-29 22:30:11,60.5544,-151.2583,62.65,77,0,3.44
23,Lebu,CL,2022-08-29 22:30:12,-37.6167,-73.65,49.41,85,100,3.98
24,Bluff,NZ,2022-08-29 22:30:12,-46.6,168.3333,47.8,77,95,6.85
25,Tura,IN,2022-08-29 22:30:12,25.5198,90.2201,74.64,89,100,3.51
26,Provideniya,RU,2022-08-29 22:30:13,64.3833,-173.3,48.36,100,100,2.24
27,Payson,US,2022-08-29 22:30:13,40.0444,-111.7321,92.91,16,0,6.91
28,Ponta Do Sol,PT,2022-08-29 22:30:13,32.6667,-17.1,70.72,74,37,2.01
29,Porgera,PG,2022-08-29 22:30:14,-5.4667,143.2,51.01,84,95,1.32
30,Qasigiannguit,GL,2022-08-29 22:30:14,68.8193,-51.1922,57.45,68,71,9.71
31,Cherskiy,RU,2022-08-29 22:30:14,68.75,161.3,48.07,57,32,14.45
32,Auki,SB,2022-08-29 22:30:14,-8.7676,160.7034,82.76,71,36,4.07
33,Mindelo,CV,2022-08-29 22:30:15,16.8901,-24.9804,78.35,73,40,18.41
34,Sola,VU,2022-08-29 22:30:15,-13.8833,167.55,79.52,75,45,25.77
35,Mataura,NZ,2022-08-29 22:30:15,-46.1927,168.8643,47.48,61,69,2.77
36,Palmer,US,2022-08-29 22:30:16,42.1584,-72.3287,85.6,63,20,16.11
37,Pekalongan,ID,2022-08-29 22:30:16,-6.8886,109.6753,75.81,74,66,5.17
38,Upernavik,GL,2022-08-29 22:30:16,72.7868,-56.1549,37.42,82,100,15.64
39,Albany,US,2022-08-29 22:28:36,42.6001,-73.9662,89.26,54,22,3.0
40,Bredasdorp,ZA,2022-08-29 22:30:16,-34.5322,20.0403,46.65,67,6,7.45
41,Jalu,LY,2022-08-29 22:30:17,29.0331,21.5482,86.2,37,8,12.46
42,Cecina,IT,2022-08-29 22:30:17,43.3128,10.524,76.93,85,10,2.66
43,Ushuaia,AR,2022-08-29 22:27:44,-54.8,-68.3,42.46,81,20,3.44
44,Asau,RO,2022-08-29 22:30:17,46.4333,26.4,67.28,63,54,3.89
45,El Sauzal,MX,2022-08-29 22:30:18,31.9,-116.6833,75.29,70,14,9.75
46,Hami,CN,2022-08-29 22:30:19,42.8,93.45,70.66,23,0,5.84
47,Lethem,GY,2022-08-29 22:30:19,3.3803,-59.7968,77.59,83,19,6.04
48,Grand Gaube,MU,2022-08-29 22:31:20,-20.0064,57.6608,66.6,80,7,3.0
49,Santa Maria,BR,2022-08-29 22:28:03,-29.6842,-53.8069,47.5,71,0,5.75
50,Tiksi,RU,2022-08-29 22:31:20,71.6872,128.8694,41.7,95,100,5.73
51,Haines Junction,CA,2022-08-29 22:31:20,60.7522,-137.5108,57.15,67,100,4.61
52,Dickson,US,2022-08-29 22:31:21,36.077,-87.3878,73.6,100,0,5.75
53,Vaini,TO,2022-08-29 22:31:21,-21.2,-175.2,78.96,83,20,5.75
54,Poya,NC,2022-08-29 22:31:21,-21.35,165.15,72.68,62,47,5.61
55,Pyatnitskoye,RU,2022-08-29 22:31:21,50.4233,37.8273,67.73,48,0,7.31
56,Hobart,AU,2022-08-29 22:27:06,-42.8794,147.3294,52.05,96,75,3.44
57,Clyde River,CA,2022-08-29 22:31:22,70.4692,-68.5914,39.43,87,75,18.41
58,Hasaki,JP,2022-08-29 22:31:22,35.7333,140.8333,72.28,89,100,13.15
59,Rexburg,US,2022-08-29 22:30:52,43.826,-111.7897,84.18,18,0,8.05
60,Labuhan,ID,2022-08-29 22:31:22,-6.8844,112.2051,76.08,81,68,13.67
61,Yar-Sale,RU,2022-08-29 22:31:23,66.8333,70.8333,52.32,99,100,11.23
62,Huarmey,PE,2022-08-29 22:31:23,-10.0681,-78.1522,64.31,78,14,9.86
63,Belle Fourche,US,2022-08-29 22:31:23,44.6714,-103.8522,87.49,20,13,10.09
64,Skibbereen,IE,2022-08-29 22:31:23,51.55,-9.2667,64.11,83,46,11.14
65,Byron Bay,AU,2022-08-29 22:27:18,-28.65,153.6167,61.95,78,100,7.31
66,Algiers,DZ,2022-08-29 22:31:24,36.7525,3.042,80.42,69,75,4.61
67,Makakilo City,US,2022-08-29 22:27:46,21.3469,-158.0858,86.32,56,75,16.11
68,Narsaq,GL,2022-08-29 22:31:24,60.9167,-46.05,43.02,88,89,3.33
69,Oktyabrskiy,RU,2022-08-29 22:31:24,54.4815,53.471,64.13,55,60,4.25
70,Westport,US,2022-08-29 22:30:56,41.1415,-73.3579,84.6,67,0,12.66
71,Tasiilaq,GL,2022-08-29 22:31:25,65.6145,-37.6368,46.56,95,100,24.45
72,Agapovka,RU,2022-08-29 22:31:25,53.2973,59.1348,65.41,57,69,4.23
73,Hilo,US,2022-08-29 22:31:25,19.7297,-155.09,88.29,72,20,10.36
74,Mitsamiouli,KM,2022-08-29 22:31:26,-11.3847,43.2844,75.24,77,1,7.87
75,Kaitangata,NZ,2022-08-29 22:31:26,-46.2817,169.8464,51.49,61,70,2.8
76,Avarua,CK,2022-08-29 22:31:26,-21.2078,-159.775,78.85,78,78,8.05
77,Port Alfred,ZA,2022-08-29 22:31:27,-33.5906,26.891,54.18,69,71,5.99
78,Cabo San Lucas,MX,2022-08-29 22:30:23,22.8909,-109.9124,91.18,58,40,11.5
79,San Cristobal,VE,2022-08-29 22:31:27,7.7669,-72.225,80.78,94,96,3.62
80,Rincon,US,2022-08-29 22:31:03,32.296,-81.2354,80.85,88,75,8.05
81,Dikson,RU,2022-08-29 22:31:27,73.5069,80.5464,39.88,93,100,5.3
82,Hermanus,ZA,2022-08-29 22:31:28,-34.4187,19.2345,44.8,66,5,14.99
83,Banjar,ID,2022-08-29 22:31:29,-8.19,114.9675,76.14,87,67,5.48
84,Kikwit,CD,2022-08-29 22:31:29,-5.041,18.8162,70.36,88,100,5.55
85,Severo-Kurilsk,RU,2022-08-29 22:31:29,50.6789,156.125,54.28,88,100,12.75
86,Saint George,US,2022-08-29 22:31:29,37.1041,-113.5841,102.25,17,0,3.44
87,Jamestown,US,2022-08-29 22:31:30,42.097,-79.2353,76.01,89,0,12.66
88,Tuktoyaktuk,CA,2022-08-29 22:31:30,69.4541,-133.0374,44.6,93,100,5.75
89,Gusinoye Ozero,RU,2022-08-29 22:31:30,51.1144,106.2614,45.32,83,22,3.15
90,Mahebourg,MU,2022-08-29 22:31:31,-20.4081,57.7,66.49,94,40,3.44
91,Polczyn-Zdroj,PL,2022-08-29 22:31:31,53.7642,16.0957,59.29,93,97,6.35
92,Dickinson,US,2022-08-29 22:31:31,29.4608,-95.0513,81.0,93,75,9.22
93,Akhmim,EG,2022-08-29 22:31:31,26.5622,31.745,88.0,36,1,11.65
94,Ourem,PT,2022-08-29 22:32:32,39.6417,-8.5919,65.28,89,13,4.32
95,Sinnamary,GF,2022-08-29 22:32:32,5.3833,-52.95,79.21,84,94,8.21
96,Inhambane,MZ,2022-08-29 22:32:33,-23.865,35.3833,68.16,88,0,3.96
97,Arlit,NE,2022-08-29 22:28:51,18.7369,7.3853,86.49,42,97,9.91
98,Hashtrud,IR,2022-08-29 22:32:34,37.4779,47.0508,65.23,30,0,3.33
99,Teguise,ES,2022-08-29 22:32:34,29.0605,-13.564,70.02,73,20,17.27
100,Bengkulu,ID,2022-08-29 22:32:34,-3.8004,102.2655,73.44,95,100,6.78
101,Deputatskiy,RU,2022-08-29 22:32:34,69.3,139.9,50.9,68,88,2.89
102,Puerto Ayora,EC,2022-08-29 22:32:35,-0.7393,-90.3518,75.16,92,78,5.01
103,Pavlodar,KZ,2022-08-29 22:32:35,52.3,76.95,48.0,81,0,2.24
104,Georgetown,MY,2022-08-29 22:30:44,5.4112,100.3354,78.89,91,20,2.3
105,Gewane,ET,2022-08-29 22:32:35,10.1664,40.6453,77.43,65,8,4.34
106,Ambon,ID,2022-08-29 22:32:36,-3.6954,128.1814,80.74,14,40,8.05
107,Ayagoz,KZ,2022-08-29 22:32:36,47.9714,80.4392,53.06,54,0,8.86
108,Tuy Hoa,VN,2022-08-29 22:31:54,13.0833,109.3,76.71,90,47,4.27
109,Kidodi,TZ,2022-08-29 22:32:36,-7.6036,37.0044,67.77,60,0,1.74
110,East London,ZA,2022-08-29 22:32:36,-33.0153,27.9116,57.72,50,100,17.87
111,Airai,TL,2022-08-29 22:32:37,-8.9266,125.4092,63.39,73,13,3.29
112,Qaanaaq,GL,2022-08-29 22:32:37,77.484,-69.3632,29.14,67,0,2.42
113,Hangu,CN,2022-08-29 22:32:37,39.2489,117.7892,62.64,78,99,3.89
114,Gondanglegi,ID,2022-08-29 22:32:38,-7.7479,112.0132,73.74,89,81,14.85
115,Lengshuitan,CN,2022-08-29 22:32:38,26.4111,111.5956,77.65,81,89,6.08
116,New Norfolk,AU,2022-08-29 22:32:38,-42.7826,147.0587,52.72,76,100,1.48
117,Hithadhoo,MV,2022-08-29 22:32:38,-0.6,73.0833,79.57,78,98,17.0
118,Datong,CN,2022-08-29 22:32:39,40.0936,113.2914,58.98,65,45,0.76
119,Alofi,NU,2022-08-29 22:32:39,-19.0595,-169.9187,80.49,69,75,10.36
120,Plastun,RU,2022-08-29 22:32:39,44.7561,136.2939,65.86,67,85,2.06
121,Cape Town,ZA,2022-08-29 22:29:58,-33.9258,18.4232,58.37,56,0,21.85
122,Aklavik,CA,2022-08-29 22:32:40,68.2191,-135.0107,52.97,61,75,2.75
123,Yulara,AU,2022-08-29 22:32:40,-25.2406,130.9889,51.67,40,0,19.6
124,Saldanha,ZA,2022-08-29 22:32:40,-33.0117,17.9442,48.25,59,0,20.51
125,Nikolskoye,RU,2022-08-29 22:32:40,59.7035,30.7861,62.49,81,96,8.48
126,Hambantota,LK,2022-08-29 22:32:41,6.1241,81.1185,78.15,79,91,14.16
127,The Valley,AI,2022-08-29 22:32:41,18.217,-63.0578,85.86,84,40,10.36
128,Faanui,PF,2022-08-29 22:32:41,-16.4833,-151.75,77.86,74,14,10.0
129,Bethel,US,2022-08-29 22:32:41,41.3712,-73.414,86.18,71,62,1.01
130,Ewa Beach,US,2022-08-29 22:32:42,21.3156,-158.0072,87.75,56,75,16.11
131,Ribeira Grande,PT,2022-08-29 22:32:42,38.5167,-28.7,75.22,86,50,2.59
132,Santa Cruz,BO,2022-08-29 22:32:42,-17.8,-63.1667,73.45,25,75,9.22
133,Vaasa,FI,2022-08-29 22:32:42,63.096,21.6158,55.94,100,9,1.14
134,Acala,MX,2022-08-29 22:32:43,16.5667,-92.8,88.02,83,44,1.61
135,Pevek,RU,2022-08-29 22:32:43,69.7008,170.3133,37.8,82,87,2.77
136,Saint-Philippe,RE,2022-08-29 22:32:43,-21.3585,55.7679,67.59,82,41,4.21
137,Stephenville,US,2022-08-29 22:32:43,32.2207,-98.2023,98.17,44,93,8.99
138,Butaritari,KI,2022-08-29 22:32:44,3.0707,172.7902,82.22,70,100,14.9
139,Pochutla,MX,2022-08-29 22:32:44,15.7432,-96.4661,85.82,67,54,7.94
140,Majene,ID,2022-08-29 22:32:44,-3.5403,118.9707,77.54,89,98,7.23
141,Tigil,RU,2022-08-29 22:33:45,57.8,158.6667,52.57,95,99,18.86
142,Evensk,RU,2022-08-29 22:33:45,61.95,159.2333,50.99,93,100,4.65
143,Nishihara,JP,2022-08-29 22:33:45,26.1842,127.7558,84.25,82,40,4.61
144,Torbay,CA,2022-08-29 22:33:45,47.6666,-52.7314,66.38,83,75,27.63
145,Sao Jose Da Coroa Grande,BR,2022-08-29 22:33:46,-8.8978,-35.1478,73.22,84,51,9.46
146,Uyuni,BO,2022-08-29 22:33:46,-20.4597,-66.825,48.18,46,13,7.14
147,Khatanga,RU,2022-08-29 22:33:46,71.9667,102.5,41.7,93,100,9.57
148,Cockburn Town,TC,2022-08-29 22:33:04,21.4612,-71.1419,83.08,79,100,17.4
149,Remuna,IN,2022-08-29 22:33:46,21.5261,86.8722,79.52,90,31,4.36
150,Tevriz,RU,2022-08-29 22:33:47,57.509,72.4042,57.58,95,95,4.38
151,Kanniyakumari,IN,2022-08-29 22:33:48,8.0833,77.5667,77.16,85,53,16.04
152,Smoljan,ME,2022-08-29 22:33:48,43.0924,19.2286,51.57,97,100,3.02
153,Mishelevka,RU,2022-08-29 22:33:48,52.8575,103.1719,48.43,60,100,10.92
154,Talnakh,RU,2022-08-29 22:33:48,69.4865,88.3972,40.21,94,22,2.89
155,Klaksvik,FO,2022-08-29 22:33:49,62.2266,-6.589,50.92,85,32,13.62
156,Atuona,PF,2022-08-29 22:33:49,-9.8,-139.0333,76.95,71,21,22.68
157,Zverinogolovskoye,RU,2022-08-29 22:33:49,54.4586,64.8542,62.02,63,5,4.74
158,Wagar,SD,2022-08-29 22:33:49,16.1525,36.2032,89.22,40,6,6.87
159,Portland,US,2022-08-29 22:32:25,45.5234,-122.6762,95.95,35,40,11.5
160,Albury,AU,2022-08-29 22:30:18,-36.0833,146.9167,52.02,100,52,7.0
161,Pingliang,CN,2022-08-29 22:33:50,35.5392,106.6861,56.14,71,69,4.52
162,Buraydah,SA,2022-08-29 22:33:53,26.326,43.975,86.45,12,4,10.09
163,Bambous Virieux,MU,2022-08-29 22:33:54,-20.3428,57.7575,66.45,94,40,3.44
164,Iqaluit,CA,2022-08-29 22:33:54,63.7506,-68.5145,46.13,76,40,3.44
165,Kedrovyy,RU,2022-08-29 22:33:54,56.1667,91.8167,30.61,96,44,1.16
166,Midland,US,2022-08-29 22:30:49,31.9974,-102.0779,93.06,39,0,12.66
167,Vanimo,PG,2022-08-29 22:33:55,-2.6741,141.3028,79.93,80,100,4.94
168,Flinders,AU,2022-08-29 22:33:55,-34.5833,150.8552,64.06,89,65,5.99
169,Richards Bay,ZA,2022-08-29 22:33:58,-28.783,32.0377,62.53,79,100,20.54
170,Kuchurhan,UA,2022-08-29 22:33:58,47.163,29.7894,76.41,49,100,4.16
171,Tubmanburg,LR,2022-08-29 22:33:59,6.8708,-10.8172,71.24,97,20,2.17
172,Svetlogorsk,BY,2022-08-29 22:33:59,52.6333,29.7333,68.86,67,89,7.0
173,Jyvaskyla,FI,2022-08-29 22:33:59,62.2415,25.7209,50.34,89,0,6.91
174,Ilulissat,GL,2022-08-29 22:33:59,69.2167,-51.1,57.22,41,75,17.27
175,Port Hedland,AU,2022-08-29 22:34:00,-20.3167,118.5667,60.85,39,8,8.05
176,Puerto Del Rosario,ES,2022-08-29 22:34:00,28.5004,-13.8627,73.15,78,20,19.57
177,Husavik,IS,2022-08-29 22:34:00,66.0449,-17.3389,54.48,78,49,12.68
178,Victoria Point,AU,2022-08-29 22:34:01,-27.5833,153.3,65.17,83,100,7.11
179,Sanchor,IN,2022-08-29 22:34:01,24.7553,71.7722,80.24,74,86,4.18
180,Grindavik,IS,2022-08-29 22:34:02,63.8424,-22.4338,55.35,94,100,34.52
181,Lardos,GR,2022-08-29 22:34:02,36.0942,28.0157,78.94,79,0,8.57
182,Pandan Niog,PH,2022-08-29 22:34:03,6.2282,120.5631,81.81,75,97,7.87
183,Itamarandiba,BR,2022-08-29 22:31:30,-17.8572,-42.8589,67.57,56,60,8.21
184,Chokurdakh,RU,2022-08-29 22:34:03,70.6333,147.9167,41.27,72,70,13.11
185,Cabedelo,BR,2022-08-29 22:34:04,-6.9811,-34.8339,75.87,81,40,13.73
186,Longyearbyen,SJ,2022-08-29 22:34:05,78.2186,15.6401,39.04,70,75,0.0
187,Lanzhou,CN,2022-08-29 22:30:07,36.0564,103.7922,56.91,79,62,1.23
188,Mayo,US,2022-08-29 22:34:05,38.8876,-76.5119,89.94,70,0,12.66
189,Nouadhibou,MR,2022-08-29 22:34:08,20.931,-17.0347,75.18,73,1,17.27
190,Two Rivers,US,2022-08-29 22:35:09,44.1539,-87.5693,85.15,56,0,10.36
191,Mareeba,AU,2022-08-29 22:31:31,-17.0,145.4333,70.45,93,81,7.11
192,Senador Pompeu,BR,2022-08-29 22:35:09,-5.5881,-39.3717,82.02,34,21,3.15
193,Dauphin,CA,2022-08-29 22:35:09,51.1494,-100.0502,75.34,41,20,14.97
194,Vao,NC,2022-08-29 22:35:09,-22.6667,167.4833,69.13,61,44,19.75
195,Teya,RU,2022-08-29 22:35:10,60.3778,92.6267,32.88,92,81,5.41
196,North Bend,US,2022-08-29 22:30:51,43.4065,-124.2243,87.24,77,0,12.66
197,Petropavlovsk-Kamchatskiy,RU,2022-08-29 22:35:10,53.0452,158.6483,59.59,72,75,6.71
198,Payo,ID,2022-08-29 22:35:10,-3.7508,103.6372,71.58,97,100,1.41
199,Lasa,IT,2022-08-29 22:35:11,46.6166,10.7002,67.08,83,44,0.87
200,Qaqortoq,GL,2022-08-29 22:35:11,60.7167,-46.0333,39.94,90,68,5.57
201,Henties Bay,NA,2022-08-29 22:35:11,-22.116,14.2845,53.4,86,1,5.08
202,Hirara,JP,2022-08-29 22:35:11,24.8,125.2833,84.06,94,40,3.44
203,Peleduy,RU,2022-08-29 22:35:12,59.6289,112.7406,41.41,89,100,14.92
204,Semey,KZ,2022-08-29 22:35:12,50.4111,80.2275,57.24,50,11,5.59
205,Pacific Grove,US,2022-08-29 22:33:30,36.6177,-121.9166,74.21,73,0,14.97
206,Valdivia,CL,2022-08-29 22:31:22,-39.8142,-73.2459,57.29,92,100,1.21
207,Nanortalik,GL,2022-08-29 22:35:12,60.1432,-45.2371,39.88,89,99,8.79
208,Esperance,AU,2022-08-29 22:35:13,-33.8667,121.9,47.32,78,33,8.95
209,Sao Joao Da Barra,BR,2022-08-29 22:35:13,-21.6403,-41.0511,65.14,73,73,20.56
210,Lompoc,US,2022-08-29 22:32:48,34.6391,-120.4579,87.78,61,0,13.8
211,Sonoita,MX,2022-08-29 22:35:13,31.85,-112.8333,99.59,29,0,7.2
212,Luderitz,NA,2022-08-29 22:35:14,-26.6481,15.1594,59.79,42,0,5.55
213,Kuytun,RU,2022-08-29 22:35:14,54.3419,101.5036,37.27,94,77,7.0
214,Wawa,NG,2022-08-29 22:35:14,9.9022,4.4192,73.29,93,100,2.71
215,Kailua,US,2022-08-29 22:35:14,21.4022,-157.7394,87.78,69,75,11.5
216,Praia,CV,2022-08-29 22:35:15,14.9215,-23.5087,79.34,78,40,13.8
217,Sioux Lookout,CA,2022-08-29 22:35:15,50.1001,-91.917,66.27,82,75,11.5
218,Lampazos De Naranjo,MX,2022-08-29 22:35:15,27.0167,-100.5167,95.9,35,77,13.11
219,Carnarvon,AU,2022-08-29 22:35:16,-24.8667,113.6333,60.96,43,2,14.47
220,Rudnya,RU,2022-08-29 22:35:16,54.947,31.0934,60.82,83,83,2.46
221,Acapulco,MX,2022-08-29 22:30:19,16.8634,-99.8901,87.62,62,75,10.36
222,Lahaina,US,2022-08-29 22:35:16,20.8783,-156.6825,84.81,76,12,6.78
223,Nanakuli,US,2022-08-29 22:35:16,21.3906,-158.1547,87.75,56,75,16.11
224,Grand-Bourg,GP,2022-08-29 22:35:17,15.8835,-61.3148,84.15,81,7,15.5
225,Tala,EG,2022-08-29 22:35:17,30.6803,30.9429,74.01,86,0,5.7
226,Fuerte,PH,2022-08-29 22:35:17,17.5381,120.3644,80.89,82,67,3.15
227,Korhogo,CI,2022-08-29 22:35:18,9.45,-5.6333,70.75,95,43,3.76
228,Beringovskiy,RU,2022-08-29 22:35:18,63.05,179.3167,49.55,98,100,17.98
229,Albufeira,PT,2022-08-29 22:35:18,37.0882,-8.2503,69.03,69,0,9.62
230,Gazanjyk,TM,2022-08-29 22:35:18,39.2446,55.5154,76.46,17,0,7.65
231,Chuy,UY,2022-08-29 22:36:19,-33.6971,-53.4616,44.29,74,1,5.77
232,Loviisa,FI,2022-08-29 22:36:19,60.4566,26.2251,52.29,77,92,10.29
233,Tarbes,FR,2022-08-29 22:36:19,43.25,0.1667,72.07,60,0,11.5
234,Kirensk,RU,2022-08-29 22:36:20,57.7853,108.1119,37.98,86,91,12.68
235,Brest,BY,2022-08-29 22:36:20,52.1,23.7,57.31,79,0,7.74
236,Axim,GH,2022-08-29 22:36:20,4.8699,-2.2405,73.89,92,12,6.22
237,Kijang,KR,2022-08-29 22:36:20,35.2442,129.2139,74.93,81,83,9.01
238,Kahului,US,2022-08-29 22:36:21,20.8947,-156.47,84.85,68,40,20.71
239,Fomboni,KM,2022-08-29 22:36:21,-12.28,43.7425,75.36,78,0,7.7
240,San Francisco,US,2022-08-29 22:35:53,37.7749,-122.4194,87.31,71,0,21.0
241,Coari,BR,2022-08-29 22:36:21,-4.085,-63.1414,79.72,70,76,1.5
242,Ternovka,RU,2022-08-29 22:36:22,51.678,41.6375,67.5,52,93,6.87
243,Prado,BR,2022-08-29 22:33:09,-17.3411,-39.2208,69.98,90,67,18.19
244,Uyemskiy,RU,2022-08-29 22:36:22,64.4743,40.8524,48.25,93,0,4.47
245,Kodiak,US,2022-08-29 22:36:22,57.79,-152.4072,60.31,72,75,6.91
246,Sitka,US,2022-08-29 22:36:22,57.0531,-135.33,62.49,72,75,12.66
247,Padang,ID,2022-08-29 22:36:23,-0.9492,100.3543,73.74,90,100,3.91
248,San Jose,US,2022-08-29 22:33:17,37.3394,-121.895,89.58,51,20,12.66
249,Kirakira,SB,2022-08-29 22:36:23,-10.4544,161.9205,81.91,78,57,11.63
250,Ancud,CL,2022-08-29 22:36:23,-41.8697,-73.8203,45.52,85,100,0.98
251,Zalantun,CN,2022-08-29 22:36:24,48.0,122.7167,57.43,73,46,2.71
252,Camacha,PT,2022-08-29 22:36:24,33.0833,-16.3333,67.42,68,20,4.61
253,Cabinda,AO,2022-08-29 22:36:24,-5.55,12.2,71.73,89,16,5.03
254,Mayskiy,RU,2022-08-29 22:36:25,47.6931,40.1025,72.81,55,1,9.82
255,Hovd,MN,2022-08-29 22:36:25,48.0056,91.6419,52.34,45,7,1.86
256,Baker City,US,2022-08-29 22:36:25,44.7749,-117.8344,87.6,28,0,5.75
257,Saskylakh,RU,2022-08-29 22:36:25,71.9167,114.0833,41.61,80,100,4.97
258,Port Lincoln,AU,2022-08-29 22:36:26,-34.7333,135.8667,52.61,63,85,13.09
259,Irtyshskiy,RU,2022-08-29 22:36:26,58.3333,68.1333,57.36,85,4,6.06
260,Pella,RU,2022-08-29 22:36:26,59.7775,30.8181,62.65,80,98,8.75
261,Praya,CV,2022-08-29 22:35:15,14.9215,-23.5087,79.34,78,40,13.8
262,Kupang,ID,2022-08-29 22:36:27,-10.1667,123.5833,77.25,82,46,7.14
263,General Roca,AR,2022-08-29 22:36:27,-39.0333,-67.5833,69.62,21,28,19.33
264,Tuatapere,NZ,2022-08-29 22:36:27,-46.1333,167.6833,52.11,72,96,3.04
265,Kununurra,AU,2022-08-29 22:36:28,-15.7667,128.7333,60.78,88,5,0.0
266,Oga,IT,2022-08-29 22:36:28,46.4631,10.347,59.68,84,56,1.12
267,Liman,UA,2022-08-29 22:36:28,48.9884,37.8023,70.57,43,0,3.36
268,Burnie,AU,2022-08-29 22:32:23,-41.0667,145.9167,52.95,86,100,4.41
269,Vila Velha,BR,2022-08-29 22:35:42,-20.3297,-40.2925,66.15,86,75,17.27
270,Thompson,CA,2022-08-29 22:36:28,55.7435,-97.8558,62.76,59,75,18.41
271,San Pedro,PH,2022-08-29 22:36:29,14.35,121.0167,79.83,90,75,4.61
272,Avera,US,2022-08-29 22:32:27,33.194,-82.5271,81.55,73,56,9.46
273,Sur,OM,2022-08-29 22:36:29,22.5667,59.5289,82.67,63,49,9.19
274,Olafsvik,IS,2022-08-29 22:36:29,64.8945,-23.7142,55.9,85,85,30.71
275,Giyani,ZA,2022-08-29 22:36:30,-23.3025,30.7187,64.09,88,0,12.77
276,Minab,IR,2022-08-29 22:36:30,27.1467,57.0801,79.12,69,0,0.0
277,Zaysan,KZ,2022-08-29 22:37:30,47.4667,84.8667,58.59,35,0,5.64
278,Anshun,CN,2022-08-29 22:37:30,26.25,105.9333,67.59,97,100,3.91
279,Sao Miguel Do Araguaia,BR,2022-08-29 22:37:31,-13.275,-50.1628,83.89,20,61,2.57
280,Nikolayevsk-Na-Amure,RU,2022-08-29 22:37:31,53.1406,140.73,64.83,64,0,4.72
281,San Quintin,MX,2022-08-29 22:37:34,30.4833,-115.95,73.53,73,3,15.48
282,Koregaon,IN,2022-08-29 22:37:35,18.65,74.0833,73.58,86,100,3.6
283,Leon,MX,2022-08-29 22:35:56,21.1167,-101.6667,77.05,54,74,3.53
284,Necochea,AR,2022-08-29 22:37:35,-38.5473,-58.7368,47.59,57,1,12.3
285,Uruacu,BR,2022-08-29 22:37:35,-14.5247,-49.1408,80.71,24,17,4.27
286,Floro,NO,2022-08-29 22:37:35,61.5996,5.0328,54.97,87,34,6.91
287,Miraflores,MX,2022-08-29 22:37:36,19.2167,-98.8083,74.05,79,95,3.06
288,Hoi An,VN,2022-08-29 22:37:36,15.8794,108.335,78.76,88,100,5.19
289,Toyooka,JP,2022-08-29 22:37:36,35.5333,134.8333,78.71,74,100,2.46
290,Graham,US,2022-08-29 22:37:36,47.0529,-122.2943,86.09,44,0,10.36
291,Pangody,RU,2022-08-29 22:37:37,65.85,74.4859,51.4,91,100,17.76
292,Castro,BR,2022-08-29 22:37:37,-24.7911,-50.0119,43.34,76,91,9.8
293,Salalah,OM,2022-08-29 22:37:37,17.0151,54.0924,77.09,88,75,8.05
294,Lar,IN,2022-08-29 22:37:38,26.2039,83.9717,81.32,83,98,4.72
295,Tarko-Sale,RU,2022-08-29 22:37:38,64.9225,77.785,44.69,79,100,12.8
296,Naze,JP,2022-08-29 22:37:38,28.3667,129.4833,83.32,81,38,9.22
297,Souillac,MU,2022-08-29 22:37:38,-20.5167,57.5167,66.58,94,40,3.44
298,Turbat,PK,2022-08-29 22:37:39,26.0023,63.044,80.85,72,89,4.72
299,Krasnoselkup,RU,2022-08-29 22:37:39,65.7,82.4667,42.44,51,94,8.34
300,North Myrtle Beach,US,2022-08-29 22:37:39,33.816,-78.68,81.34,87,75,1.01
301,Moose Factory,CA,2022-08-29 22:37:40,51.2585,-80.6094,78.8,69,0,12.66
302,Churapcha,RU,2022-08-29 22:37:40,62.0025,132.4325,54.01,85,95,4.34
303,Tangwani,PK,2022-08-29 22:37:40,28.2787,68.9972,82.87,78,38,4.18
304,Victoria,HK,2022-08-29 22:34:02,22.2855,114.1577,84.33,86,1,3.0
305,Antalaha,MG,2022-08-29 22:37:40,-14.9003,50.2788,66.61,92,29,4.68
306,Gold Coast,AU,2022-08-29 22:35:46,-28.0,153.4333,65.17,89,75,4.61
307,Belaya Gora,RU,2022-08-29 22:37:41,68.5333,146.4167,52.25,61,95,10.65
308,Kota Kinabalu,MY,2022-08-29 22:37:41,5.9749,116.0724,75.18,94,20,5.99
309,Lubbock,US,2022-08-29 22:35:33,33.6001,-101.8338,89.85,37,75,11.5
310,College,US,2022-08-29 22:37:41,64.8569,-147.8028,65.23,66,40,3.44
311,Kushima,JP,2022-08-29 22:37:42,31.4583,131.2333,81.59,82,98,9.13
312,Vestmanna,FO,2022-08-29 22:37:42,62.1564,-7.1664,49.12,87,100,11.5
313,Lagoa,PT,2022-08-29 22:37:42,39.05,-27.9833,73.72,77,39,3.71
314,Bathsheba,BB,2022-08-29 22:37:42,13.2167,-59.5167,84.81,79,40,13.8
315,Pangai,TO,2022-08-29 22:37:43,-19.8,-174.35,80.71,61,20,5.75
316,Vila Franca Do Campo,PT,2022-08-29 22:37:43,37.7167,-25.4333,73.2,78,40,2.46
317,Baykit,RU,2022-08-29 22:37:43,61.67,96.37,36.37,94,99,13.4
318,Mogadishu,SO,2022-08-29 22:33:25,2.0371,45.3438,75.63,83,18,16.11
319,Kangaatsiaq,GL,2022-08-29 22:37:44,68.3065,-53.4641,43.47,83,56,19.1
320,Mericourt,FR,2022-08-29 22:37:44,50.4012,2.8625,64.31,85,34,6.55
321,Manacapuru,BR,2022-08-29 22:37:44,-3.2997,-60.6206,78.94,76,99,1.54
322,Tilichiki,RU,2022-08-29 22:38:44,60.4667,166.1,50.88,89,100,19.19
323,Obodivka,UA,2022-08-29 22:38:45,48.4051,29.2477,69.37,62,32,8.14
324,Borger,NL,2022-08-29 22:38:45,52.9233,6.7931,62.98,86,86,8.01
325,Lorengau,PG,2022-08-29 22:38:45,-2.0226,147.2712,83.26,75,97,9.64
326,Bam,IR,2022-08-29 22:38:45,29.106,58.357,78.08,9,0,8.3
327,Verkhnevilyuysk,RU,2022-08-29 22:38:46,63.4453,120.3167,45.12,83,83,8.16
328,Ranong,TH,2022-08-29 22:38:46,9.9658,98.6348,76.78,89,98,3.67
329,Mandali,IQ,2022-08-29 22:38:46,33.7499,45.5541,96.19,9,0,9.71
330,Sipe Sipe,BO,2022-08-29 22:38:47,-17.45,-66.3833,63.09,59,44,3.44
331,Rio Claro,BR,2022-08-29 22:37:50,-22.4114,-47.5614,54.46,66,100,16.46
332,Nantucket,US,2022-08-29 22:38:47,41.2835,-70.0995,75.34,88,0,12.66
333,Bonavista,CA,2022-08-29 22:38:47,48.6499,-53.1147,65.28,77,100,18.3
334,Sibolga,ID,2022-08-29 22:38:47,1.7427,98.7792,74.53,90,100,4.7
335,Tahe,CN,2022-08-29 22:38:48,52.3333,124.7333,55.04,90,82,1.81
336,Plettenberg Bay,ZA,2022-08-29 22:38:48,-34.0527,23.3716,54.86,54,99,7.94
337,Yichang,CN,2022-08-29 22:38:48,30.7144,111.2847,68.09,86,100,1.23
338,Broken Hill,AU,2022-08-29 22:38:49,-31.95,141.4333,50.95,69,0,17.07
339,Adrar,MR,2022-08-29 22:38:49,20.5022,-10.0711,92.61,37,63,8.5
340,Ko Samui,TH,2022-08-29 22:38:50,9.5357,99.9357,81.82,74,97,3.33
341,Lavrentiya,RU,2022-08-29 22:38:50,65.5833,-171.0,46.4,84,100,5.44
342,Dryden,CA,2022-08-29 22:38:51,49.7833,-92.7503,62.89,94,100,19.57
343,Anadyr,RU,2022-08-29 22:38:51,64.75,177.4833,50.5,93,75,20.13
344,Kalmunai,LK,2022-08-29 22:38:51,7.4167,81.8167,79.45,80,79,4.34
345,Kamiiso,JP,2022-08-29 22:38:51,41.8167,140.65,68.38,88,75,5.75
346,Dalen,NL,2022-08-29 22:38:52,52.6992,6.7556,63.05,85,85,8.01
347,Salekhard,RU,2022-08-29 22:38:52,66.53,66.6019,50.11,86,100,18.79
348,Touros,BR,2022-08-29 22:38:52,-5.1989,-35.4608,76.48,76,85,18.01
349,Sambava,MG,2022-08-29 22:38:53,-14.2667,50.1667,67.8,93,27,5.68
350,Bayangol,RU,2022-08-29 22:38:53,50.6977,103.4656,36.91,79,11,3.58
351,Cayenne,GF,2022-08-29 22:38:56,4.9333,-52.3333,80.64,78,0,5.75
352,Chaibasa,IN,2022-08-29 22:38:56,22.5667,85.8167,76.44,93,58,4.07
353,Chapais,CA,2022-08-29 22:38:57,49.7834,-74.8492,65.98,98,100,4.76
354,Abu Road,IN,2022-08-29 22:38:57,24.4833,72.7833,76.1,85,85,0.67
355,Bonthe,SL,2022-08-29 22:38:58,7.5264,-12.505,75.04,91,89,8.57
356,Andenes,NO,2022-08-29 22:38:58,69.3143,16.1194,46.92,87,100,4.61
357,Sao Gabriel Da Cachoeira,BR,2022-08-29 22:38:59,-0.1303,-67.0892,72.54,98,49,3.13
358,Beyneu,KZ,2022-08-29 22:38:59,45.3167,55.2,79.65,20,5,7.4
359,Roebourne,AU,2022-08-29 22:38:59,-20.7833,117.1333,65.95,31,3,12.41
360,Katsuura,JP,2022-08-29 22:38:59,35.1333,140.3,71.62,85,98,12.55
361,Paita,PE,2022-08-29 22:39:00,-5.0892,-81.1144,65.23,81,29,16.44
362,Pumiao,CN,2022-08-29 22:39:00,22.75,108.4833,79.2,92,70,2.71
363,Tias,ES,2022-08-29 22:39:00,28.9611,-13.645,71.28,73,20,17.27
364,Caravelas,BR,2022-08-29 22:39:01,-17.7125,-39.2481,69.58,88,72,18.1
365,Maraba,BR,2022-08-29 22:39:01,-5.3686,-49.1178,80.78,44,0,1.14
366,Inuvik,CA,2022-08-29 22:39:08,68.3499,-133.7218,51.01,79,75,2.3
367,Rabat,MA,2022-08-29 22:40:08,33.9911,-6.8401,79.03,87,40,10.36
368,Krompachy,SK,2022-08-29 22:40:09,48.9145,20.8751,63.86,89,59,4.68
369,Fort-Shevchenko,KZ,2022-08-29 22:40:09,44.5086,50.263,81.14,33,2,9.84
370,Uyskoye,RU,2022-08-29 22:40:09,54.3775,60.0047,59.79,71,2,2.57
371,Ondangwa,NA,2022-08-29 22:40:10,-17.9167,15.95,66.2,30,3,4.61
372,Butterworth,MY,2022-08-29 22:40:11,5.3991,100.3638,79.0,92,20,2.3
373,Jacmel,HT,2022-08-29 22:40:11,18.2342,-72.5347,87.64,80,72,5.64
374,Yurginskoye,RU,2022-08-29 22:40:12,56.8189,67.3921,58.57,89,7,5.7
375,Valparaiso,CL,2022-08-29 22:40:12,-33.0393,-71.6273,57.99,96,100,10.36
376,Wadowice,PL,2022-08-29 22:40:12,49.8834,19.4929,60.89,86,0,2.73
377,Dowa,MW,2022-08-29 22:40:13,-13.654,33.9375,59.29,43,0,2.55
378,Tumsar,IN,2022-08-29 22:40:13,21.3833,79.7333,75.04,94,61,3.96
379,Kruisfontein,ZA,2022-08-29 22:40:13,-34.0033,24.7314,50.65,62,99,8.46
380,Iquique,CL,2022-08-29 22:40:14,-20.2208,-70.1431,59.04,80,35,4.59
381,Cidreira,BR,2022-08-29 22:40:15,-30.1811,-50.2056,51.89,74,43,5.99
382,Ygatimi,PY,2022-08-29 22:40:15,-24.0833,-55.5,61.45,40,100,4.05
383,Chara,RU,2022-08-29 22:40:15,56.9064,118.2631,44.01,80,99,1.34
384,San Patricio,US,2022-08-29 22:40:16,28.017,-97.5169,87.66,64,90,15.68
385,Vila,PT,2022-08-29 22:40:16,42.0304,-8.1588,56.28,83,33,3.27
386,Allapalli,IN,2022-08-29 22:40:16,19.4167,80.0667,75.61,97,75,2.48
387,Gryazi,RU,2022-08-29 22:40:17,52.4966,39.9359,63.66,73,72,6.11
388,Novo Aripuana,BR,2022-08-29 22:40:17,-5.1206,-60.3797,82.65,48,83,2.53
389,Mitu,CO,2022-08-29 22:40:17,1.1983,-70.1733,72.27,97,24,1.57
390,Greeley,US,2022-08-29 22:35:27,40.4233,-104.7091,89.69,28,0,5.75
391,Hurricane,US,2022-08-29 22:40:17,37.1753,-113.2899,100.33,17,0,6.55
392,Isangel,VU,2022-08-29 22:40:18,-19.55,169.2667,74.61,71,74,15.57
393,Twistringen,DE,2022-08-29 22:40:18,52.8,8.65,61.9,90,37,7.56
394,San Felipe,VE,2022-08-29 22:40:18,10.3399,-68.7425,75.56,89,89,2.46
395,Kurilsk,RU,2022-08-29 22:40:19,45.2333,147.8833,63.52,69,100,4.21
396,Santa Isabel,BR,2022-08-29 22:39:45,-23.3156,-46.2214,53.31,88,100,7.65
397,Ostrovnoy,RU,2022-08-29 22:40:19,68.0531,39.5131,47.93,81,85,23.71
398,Yerbogachen,RU,2022-08-29 22:40:19,61.2767,108.0108,33.62,98,99,18.75
399,Port Macquarie,AU,2022-08-29 22:40:20,-31.4333,152.9167,59.9,76,100,10.74
400,Praia Da Vitoria,PT,2022-08-29 22:40:20,38.7333,-27.0667,75.76,88,40,0.69
401,Norman Wells,CA,2022-08-29 22:40:20,65.282,-126.8329,62.64,72,75,3.44
402,Kamenka,RU,2022-08-29 22:40:20,51.3223,42.7678,68.92,54,88,5.88
403,Fortuna,US,2022-08-29 22:40:21,40.5982,-124.1573,75.92,69,0,12.66
404,Pokaran,IN,2022-08-29 22:40:21,26.9167,71.9167,82.99,69,88,6.29
405,Codrington,AU,2022-08-29 22:40:21,-38.2667,141.9667,53.76,94,100,21.54
406,Ozernovskiy,RU,2022-08-29 22:40:21,51.5,156.5167,51.8,99,100,11.61
407,Gimli,CA,2022-08-29 22:40:22,50.6336,-96.9907,69.82,60,88,12.66
408,Sungaipenuh,ID,2022-08-29 22:40:22,-2.0833,101.3833,62.96,99,100,3.04
409,Faya,SA,2022-08-29 22:40:22,18.3851,42.4509,66.72,32,14,4.72
410,Antofagasta,CL,2022-08-29 22:36:03,-23.65,-70.4,56.48,82,27,6.26
411,Tayu,ID,2022-08-29 22:40:23,-6.5397,111.0518,73.92,86,89,9.26
412,Djenne,ML,2022-08-29 22:40:23,13.9061,-4.5533,78.33,79,93,5.57
413,Nayudupeta,IN,2022-08-29 22:41:23,13.9,79.9,80.47,81,15,3.33
414,Sistranda,NO,2022-08-29 22:41:23,63.7256,8.834,51.76,70,52,10.85
415,Mazagao,BR,2022-08-29 22:41:24,-0.115,-51.2894,86.05,76,39,4.63
416,Shitanjing,CN,2022-08-29 22:41:24,39.2342,106.3439,62.19,47,79,6.06
417,Jurm,AF,2022-08-29 22:41:24,36.8648,70.8342,62.42,42,0,0.49
418,Perene,PE,2022-08-29 22:41:25,-10.9492,-75.2261,74.39,69,86,1.34
419,Buzdyak,RU,2022-08-29 22:41:25,54.5833,54.55,63.7,53,53,3.67
420,Chumikan,RU,2022-08-29 22:41:25,54.7183,135.315,61.83,68,50,15.03
421,Lata,PT,2022-08-29 22:41:25,40.1629,-8.3327,58.35,91,18,1.95
422,Vilcun,CL,2022-08-29 22:41:26,-38.65,-72.2333,59.74,89,100,1.77
423,Teahupoo,PF,2022-08-29 22:41:26,-17.8333,-149.2667,76.96,77,49,8.61
424,Mirabad,AF,2022-08-29 22:41:26,30.4362,61.8383,79.0,17,7,13.24
425,Kourou,GF,2022-08-29 22:36:59,5.1552,-52.6478,80.65,87,84,6.22
426,Guangyuan,CN,2022-08-29 22:41:27,32.442,105.823,63.43,95,100,6.46
427,Mount Gambier,AU,2022-08-29 22:41:27,-37.8333,140.7667,49.91,93,100,19.57
428,Namanga,KE,2022-08-29 22:41:27,-2.5433,36.7905,65.12,68,9,2.64
429,Comodoro Rivadavia,AR,2022-08-29 22:37:52,-45.8667,-67.5,58.86,21,0,3.44
430,Verkhnyaya Inta,RU,2022-08-29 22:41:29,65.9811,60.3094,47.19,95,95,5.75
431,Erzin,TR,2022-08-29 22:41:29,36.9559,36.2,78.94,44,0,1.83
432,Enshi,CN,2022-08-29 22:39:10,30.3,109.4833,72.36,98,100,2.21
433,Celestun,MX,2022-08-29 22:41:29,20.8667,-90.4,84.43,77,24,15.14
434,Mantiquil,PH,2022-08-29 22:41:29,9.1667,123.05,77.54,82,100,1.77
435,Manaus,BR,2022-08-29 22:40:52,-3.1019,-60.025,86.49,70,75,4.61
436,Guerrero Negro,MX,2022-08-29 22:41:30,27.9769,-114.0611,76.5,66,30,16.78
437,Shieli,KZ,2022-08-29 22:41:17,44.1667,66.75,74.75,28,7,6.15
438,Thies,SN,2022-08-29 22:41:30,14.8342,-17.1061,77.65,100,75,3.44
439,Muhos,FI,2022-08-29 22:41:30,64.808,25.9931,51.58,93,23,5.17
440,Halifax,CA,2022-08-29 22:37:53,44.6453,-63.5724,73.29,72,100,13.8
441,Bentiu,SS,2022-08-29 22:41:31,9.2333,29.8333,72.66,85,87,0.94
442,Spassk,RU,2022-08-29 22:41:31,52.747,87.7545,47.07,87,6,3.13
443,Ambilobe,MG,2022-08-29 22:41:31,-13.2,49.05,65.61,93,2,3.83
444,Aksu,CN,2022-08-29 22:41:32,41.1231,80.2644,67.26,48,26,5.17
445,Port Keats,AU,2022-08-29 22:41:32,-14.25,129.55,79.05,59,26,3.51
446,Gillette,US,2022-08-29 22:38:06,44.2911,-105.5022,82.81,22,0,4.61
447,Batagay-Alyta,RU,2022-08-29 22:41:32,67.8006,130.4114,49.51,65,100,0.49
448,Bonfim,BR,2022-08-29 22:41:32,3.0833,-59.95,79.81,75,38,7.14
449,Doctor Arroyo,MX,2022-08-29 22:41:33,23.6667,-100.1833,72.48,60,90,3.83
450,San Rafael,AR,2022-08-29 22:40:52,-34.6177,-68.3301,59.52,22,0,11.9
451,Kavieng,PG,2022-08-29 22:41:33,-2.5744,150.7967,83.82,69,66,11.25
452,Brae,GB,2022-08-29 22:41:33,60.3964,-1.353,52.88,66,100,10.4
453,Bambari,CF,2022-08-29 22:41:34,5.768,20.6757,67.37,97,93,1.99
454,Hay River,CA,2022-08-29 22:41:34,60.8156,-115.7999,62.58,72,75,5.75
455,Guiratinga,BR,2022-08-29 22:42:34,-16.3494,-53.7583,82.36,23,53,6.42
456,Constitucion,CL,2022-08-29 22:42:34,-35.3333,-72.4167,52.9,90,67,8.14
457,Ouallam,NE,2022-08-29 22:42:35,14.3188,2.0866,86.05,57,52,8.88
458,Hamamatsu,JP,2022-08-29 22:38:25,34.7,137.7333,77.94,69,92,3.76
459,Lincoln,US,2022-08-29 22:38:15,40.8,-96.667,90.14,33,75,9.22
460,Mama,RU,2022-08-29 22:42:35,58.3106,112.8986,40.21,95,100,10.65
461,Shache,CN,2022-08-29 22:42:35,38.4167,77.2406,64.58,58,98,3.74
462,Shimoda,JP,2022-08-29 22:42:36,34.6667,138.95,78.24,77,88,13.04
463,Odienne,CI,2022-08-29 22:42:36,9.51,-7.5692,70.84,97,62,3.67
464,Sobolevo,RU,2022-08-29 22:42:36,54.4299,31.8996,62.22,85,98,4.27
465,Susanville,US,2022-08-29 22:42:36,40.4163,-120.653,94.84,15,0,11.5
466,Manyana,BW,2022-08-29 22:42:37,-23.4,21.7167,57.9,22,1,9.4
467,Bairiki,KI,2022-08-29 22:42:37,1.3292,172.9752,86.0,70,75,6.91
468,Pangnirtung,CA,2022-08-29 22:42:37,66.1451,-65.7125,44.6,87,75,5.75
469,Prainha,BR,2022-08-29 22:42:38,-1.8,-53.48,85.59,46,47,3.38
470,Karratha,AU,2022-08-29 22:42:38,-20.7377,116.8463,66.31,31,2,11.16
471,Riyadh,SA,2022-08-29 22:38:09,24.6877,46.7219,84.34,13,0,7.05
472,Tanete,ID,2022-08-29 22:42:38,-3.9443,119.7848,74.75,95,91,4.03
473,Nakapiripirit,UG,2022-08-29 22:42:38,1.9167,34.7833,66.99,76,44,0.92
474,Yagodnoye,RU,2022-08-29 22:42:39,62.55,149.6667,52.09,70,100,7.02
475,Sangar,RU,2022-08-29 22:42:39,63.9242,127.4739,48.29,94,100,1.32
476,Zhigansk,RU,2022-08-29 22:42:39,66.7697,123.3711,47.03,89,64,8.86
477,Ponta Delgada,PT,2022-08-29 22:42:39,37.7333,-25.6667,73.51,83,20,3.44
478,Tual,ID,2022-08-29 22:42:40,-5.6667,132.75,80.1,85,49,17.92
479,Gat,IL,2022-08-29 22:42:40,31.61,34.7642,82.4,100,0,3.89
480,Parrita,CR,2022-08-29 22:42:40,9.5201,-84.3225,79.79,80,94,3.11
481,Batagay,RU,2022-08-29 22:42:41,67.6333,134.6333,58.1,49,62,3.91
482,Kochevo,RU,2022-08-29 22:42:41,59.5994,54.3125,62.94,73,99,6.29
483,Novaya Ladoga,RU,2022-08-29 22:42:41,60.1025,32.3019,58.3,94,99,12.53
484,Canyon Lake,US,2022-08-29 22:39:28,29.8752,-98.2625,97.56,49,86,7.92
485,Edd,ER,2022-08-29 22:42:41,13.9297,41.6925,88.97,60,78,5.17
486,Kieta,PG,2022-08-29 22:42:42,-6.2167,155.6333,76.8,92,100,6.13
487,Chama,CH,2022-08-29 22:42:42,47.1821,8.4636,66.42,100,40,0.0
488,Tokmak,UA,2022-08-29 22:42:42,47.2514,35.7058,74.32,34,9,3.89
489,Gazalkent,UZ,2022-08-29 22:42:42,41.5581,69.7708,68.11,23,0,7.05
490,Kichera,RU,2022-08-29 22:42:43,55.9375,110.0997,46.56,98,100,13.35
491,Nisia Floresta,BR,2022-08-29 22:42:43,-6.0911,-35.2086,79.18,78,76,11.81
492,Zlitan,LY,2022-08-29 22:42:43,32.4674,14.5687,80.89,70,0,5.48
493,Orange Cove,US,2022-08-29 22:42:44,36.6244,-119.3137,101.25,22,0,0.0
494,Awbari,LY,2022-08-29 22:42:44,26.5921,12.7805,85.82,23,18,10.51
495,Auburn,US,2022-08-29 22:40:35,47.3073,-122.2284,88.66,46,40,11.5
496,Juneau,US,2022-08-29 22:42:44,58.3019,-134.4197,57.2,96,100,18.41
497,Moroni,KM,2022-08-29 22:42:44,-11.7022,43.2551,73.98,74,1,2.3
498,Whitefish,US,2022-08-29 22:42:45,48.4111,-114.3376,80.42,34,0,4.9
499,Vestmannaeyjar,IS,2022-08-29 22:42:45,63.4427,-20.2734,54.34,90,77,30.11
500,Depok,ID,2022-08-29 22:42:45,-6.4,106.8186,78.64,90,50,4.94
501,Kozarmisleny,HU,2022-08-29 22:42:45,46.0297,18.2921,68.32,73,0,5.75
502,Crystal Beach,CA,2022-08-29 22:43:46,42.8699,-79.0583,80.49,81,69,21.85
503,Nizhniy Kuranakh,RU,2022-08-29 22:43:46,58.8353,125.4869,48.2,92,97,0.56
504,Lewistown,US,2022-08-29 22:43:46,40.5992,-77.5714,88.54,62,0,5.75
505,La Ronge,CA,2022-08-29 22:43:47,55.1001,-105.2842,73.65,31,40,16.11
506,Lodja,CD,2022-08-29 22:43:47,-3.4833,23.4333,68.5,95,100,1.39
507,Rio Gallegos,AR,2022-08-29 22:43:47,-51.6226,-69.2181,46.45,66,0,3.44
508,Bedesa,ET,2022-08-29 22:43:47,8.9,40.7833,60.49,92,63,4.74
509,Atasu,KZ,2022-08-29 22:41:19,48.6814,71.6433,61.65,32,0,5.23
510,Tondano,ID,2022-08-29 22:43:48,1.3038,124.9112,69.89,85,85,2.44
511,Rawson,AR,2022-08-29 22:40:49,-43.3002,-65.1023,60.67,28,87,8.34
512,Grand Baie,MU,2022-08-29 22:43:48,-20.0182,57.5802,66.67,80,7,3.0
513,High Prairie,CA,2022-08-29 22:42:18,55.4334,-116.4858,76.03,40,90,10.85
514,Shingu,JP,2022-08-29 22:43:48,33.7333,135.9833,76.39,94,100,7.74
515,Guilin,CN,2022-08-29 22:43:49,25.2819,110.2864,75.31,87,54,2.35
516,Mehamn,NO,2022-08-29 22:43:49,71.0357,27.8492,42.75,87,100,11.5
517,Port Blair,IN,2022-08-29 22:43:49,11.6667,92.75,80.96,82,99,4.23
518,Pueblo,US,2022-08-29 22:43:49,38.2545,-104.6091,93.61,20,20,10.36
519,Selfoss,IS,2022-08-29 22:43:50,63.9331,-20.9971,55.04,87,94,12.95
520,Vincennes,FR,2022-08-29 22:43:50,48.85,2.4333,70.86,54,0,12.66
521,Watertown,US,2022-08-29 22:43:50,42.3709,-71.1828,86.29,66,0,14.97
522,Chato,TZ,2022-08-29 22:43:51,-2.6378,31.7669,68.88,75,32,3.15
523,Pemangkat,ID,2022-08-29 22:43:51,1.1667,108.9667,78.78,83,98,6.46
524,Vardo,NO,2022-08-29 22:43:51,70.3705,31.1107,42.78,87,40,12.66
525,Oktyabrskoye,RU,2022-08-29 22:43:51,43.0645,44.7417,64.54,93,43,4.47
526,Saint-Augustin,CA,2022-08-29 22:43:52,51.226,-58.6502,67.98,76,73,12.19
527,Itarema,BR,2022-08-29 22:43:52,-2.9248,-39.9167,77.65,81,36,14.85
528,Enumclaw,US,2022-08-29 22:43:52,47.2043,-121.9915,86.25,51,13,5.01
529,Bhuj,IN,2022-08-29 22:43:52,23.2667,69.6667,78.58,78,91,5.57
530,Alexandria,EG,2022-08-29 22:42:03,31.2156,29.9553,78.76,78,40,10.36
531,Acarau,BR,2022-08-29 22:40:38,-2.8856,-40.12,77.63,81,23,13.56
532,Fort Nelson,CA,2022-08-29 22:43:53,58.8053,-122.7002,63.99,63,75,2.3
533,Kombissiri,BF,2022-08-29 22:43:53,12.0656,-1.3375,76.12,84,77,6.08
534,Tabou,CI,2022-08-29 22:43:53,4.423,-7.3528,75.69,86,42,7.63
535,Kroya,ID,2022-08-29 22:43:54,-7.6331,109.2461,74.3,86,95,5.75
536,Udachnyy,RU,2022-08-29 22:43:54,66.4167,112.4,39.45,93,100,19.08
537,Ozubulu,NG,2022-08-29 22:43:54,5.9567,6.849,72.82,96,94,3.87
538,Jaboatao,BR,2022-08-29 22:43:54,-8.1803,-35.0014,76.39,73,40,8.05
539,Komsomolskiy,UZ,2022-08-29 22:43:55,40.4272,71.7189,68.72,34,15,4.61
540,Sibu,MY,2022-08-29 22:43:55,2.3,111.8167,75.51,94,40,2.3
541,Dinghai,CN,2022-08-29 22:43:55,26.2847,119.7936,79.72,84,58,7.27
542,Hamilton,US,2022-08-29 22:40:42,39.1834,-84.5333,78.26,85,40,8.05
543,Abalak,RU,2022-08-29 22:43:56,58.1286,68.5944,56.88,89,4,4.63
544,Farah,AF,2022-08-29 22:43:56,32.5,62.5,73.54,14,0,3.11
545,Tagab,AF,2022-08-29 22:43:56,34.855,69.6492,69.89,33,0,2.01
546,Reoti,IN,2022-08-29 22:43:57,25.85,84.3833,82.36,80,86,0.85
547,Santa Isabel Do Rio Negro,BR,2022-08-29 22:44:57,-0.4139,-65.0192,74.25,97,74,0.67
548,Xining,CN,2022-08-29 22:44:57,36.6167,101.7667,49.91,88,100,2.04
549,Benguela,AO,2022-08-29 22:44:57,-12.5763,13.4055,69.31,90,57,4.14
550,Sechura,PE,2022-08-29 22:44:58,-5.5569,-80.8222,68.77,67,79,19.28
551,Baie-Comeau,CA,2022-08-29 22:44:28,49.2168,-68.1489,71.28,73,0,17.27
552,Derzhavinsk,KZ,2022-08-29 22:44:58,51.1,66.3167,63.3,34,2,4.79
553,Urengoy,RU,2022-08-29 22:44:58,65.9667,78.3667,41.72,90,100,14.76
